{
    "parent": "item/generated",
    "textures": {
        "layer0": "item/cookie"
    },
    "overrides": [
        { "predicate": { "custom_model_data": 483001 }, "model": "joshmorefoods:item/cookie/sweet_berry_cookie" },
        { "predicate": { "custom_model_data": 483002 }, "model": "joshmorefoods:item/cookie/honey_cookie" },
        { "predicate": { "custom_model_data": 483003 }, "model": "joshmorefoods:item/cookie/sushi" },
        { "predicate": { "custom_model_data": 483004 }, "model": "joshmorefoods:item/cookie/sugar_cookie" }
    ]
}