{
    "providers": [
        {
            "type": "space",
            "advances": {
                " ": 4,
                "\u200c": 0
            }
        },
        {
            "type": "bitmap",
            "file": "joshmorefoods:item/rice.png",
            "ascent": 9,
            "height": 9,
            "chars": ["\uF002"]
        },

        {
            "type": "bitmap",
            "file": "joshmorefoods:item/bread/carrot_bread.png",
            "ascent": 9,
            "height": 9,
            "chars": ["\uF101"]
        },
        {
            "type": "bitmap",
            "file": "joshmorefoods:item/bread/beetroot_bread.png",
            "ascent": 9,
            "height": 9,
            "chars": ["\uF102"]
        },
        {
            "type": "bitmap",
            "file": "joshmorefoods:item/bread/potato_bread.png",
            "ascent": 9,
            "height": 9,
            "chars": ["\uF103"]
        },

        {
            "type": "bitmap",
            "file": "joshmorefoods:item/cookedsalmon/sweet_roll.png",
            "ascent": 9,
            "height": 9,
            "chars": ["\uF203"]
        },

        {
            "type": "bitmap",
            "file": "joshmorefoods:item/cookie/sweet_berry_cookie.png",
            "ascent": 9,
            "height": 9,
            "chars": ["\uF301"]
        },
        {
            "type": "bitmap",
            "file": "joshmorefoods:item/cookie/honey_cookie.png",
            "ascent": 9,
            "height": 9,
            "chars": ["\uF302"]
        },
        {
            "type": "bitmap",
            "file": "joshmorefoods:item/cookie/sushi.png",
            "ascent": 9,
            "height": 9,
            "chars": ["\uF303"]
        },
        {
            "type": "bitmap",
            "file": "joshmorefoods:item/cookie/sugar_cookie.png",
            "ascent": 9,
            "height": 9,
            "chars": ["\uF304"]
        },

        {
            "type": "bitmap",
            "file": "joshmorefoods:item/pie/carrot_pie.png",
            "ascent": 9,
            "height": 9,
            "chars": ["\uF401"]
        },
        {
            "type": "bitmap",
            "file": "joshmorefoods:item/pie/sweet_berry_pie.png",
            "ascent": 9,
            "height": 9,
            "chars": ["\uF402"]
        },
        {
            "type": "bitmap",
            "file": "joshmorefoods:item/pie/apple_pie.png",
            "ascent": 9,
            "height": 9,
            "chars": ["\uF403"]
        },
        {
            "type": "bitmap",
            "file": "joshmorefoods:item/pie/leche_flan.png",
            "ascent": 9,
            "height": 9,
            "chars": ["\uF404"]
        },

        {
            "type": "bitmap",
            "file": "joshmorefoods:item/sword/iron_knife.png",
            "ascent": 9,
            "height": 9,
            "chars": ["\uF504"]
        },

        {
            "type": "bitmap",
            "file": "joshmorefoods:item/beetsoup/rice_bowl.png",
            "ascent": 9,
            "height": 9,
            "chars": ["\uF601"]
        },
        {
            "type": "bitmap",
            "file": "joshmorefoods:item/beetsoup/fish_and_chips.png",
            "ascent": 9,
            "height": 9,
            "chars": ["\uF602"]
        },
        {
            "type": "bitmap",
            "file": "joshmorefoods:item/beetsoup/coleslaw.png",
            "ascent": 9,
            "height": 9,
            "chars": ["\uF603"]
        },
        {
            "type": "bitmap",
            "file": "joshmorefoods:item/beetsoup/potato_salad.png",
            "ascent": 9,
            "height": 9,
            "chars": ["\uF604"]
        },
        {
            "type": "bitmap",
            "file": "joshmorefoods:item/beetsoup/vegetable_salad.png",
            "ascent": 9,
            "height": 9,
            "chars": ["\uF605"]
        },
      
        {
            "type": "bitmap",
            "file": "joshmorefoods:item/susstew/apple_ice_cream.png",
            "ascent": 9,
            "height": 9,
            "chars": ["\uF701"]
        },
        {
            "type": "bitmap",
            "file": "joshmorefoods:item/susstew/melon_ice_cream.png",
            "ascent": 9,
            "height": 9,
            "chars": ["\uF702"]
        },
        {
            "type": "bitmap",
            "file": "joshmorefoods:item/susstew/chocolate_ice_cream.png",
            "ascent": 9,
            "height": 9,
            "chars": ["\uF703"]
        },
        {
            "type": "bitmap",
            "file": "joshmorefoods:item/susstew/pumpkin_ice_cream.png",
            "ascent": 9,
            "height": 9,
            "chars": ["\uF704"]
        },

        {
            "type": "bitmap",
            "file": "joshmorefoods:item/rabstew/fried_rice.png",
            "ascent": 9,
            "height": 9,
            "chars": ["\uF801"]
        },


        
        {
            "type": "bitmap",
            "file": "joshmorefoods:cookbook/rice_making_station.png",
            "ascent": 6,
            "height": 40,
            "chars": ["\uE001"]
        },
        {
            "type": "bitmap",
            "file": "joshmorefoods:cookbook/rice.png",
            "ascent": 6,
            "height": 42,
            "chars": ["\uE002"]
        },

        {
            "type": "bitmap",
            "file": "joshmorefoods:cookbook/carrot_bread.png",
            "ascent": 6,
            "height": 40,
            "chars": ["\uE101"]
        },
        {
            "type": "bitmap",
            "file": "joshmorefoods:cookbook/beetroot_bread.png",
            "ascent": 6,
            "height": 42,
            "chars": ["\uE102"]
        },
        {
            "type": "bitmap",
            "file": "joshmorefoods:cookbook/potato_bread.png",
            "ascent": 6,
            "height": 42,
            "chars": ["\uE103"]
        },

        {
            "type": "bitmap",
            "file": "joshmorefoods:cookbook/sweet_roll.png",
            "ascent": 6,
            "height": 42,
            "chars": ["\uE203"]
        },

        {
            "type": "bitmap",
            "file": "joshmorefoods:cookbook/sweet_berry_cookie.png",
            "ascent": 6,
            "height": 42,
            "chars": ["\uE301"]
        },
        {
            "type": "bitmap",
            "file": "joshmorefoods:cookbook/honey_cookie.png",
            "ascent": 6,
            "height": 42,
            "chars": ["\uE302"]
        },
        {
            "type": "bitmap",
            "file": "joshmorefoods:cookbook/sushi.png",
            "ascent": 6,
            "height": 42,
            "chars": ["\uE303"]
        },
        {
            "type": "bitmap",
            "file": "joshmorefoods:cookbook/sugar_cookie.png",
            "ascent": 6,
            "height": 42,
            "chars": ["\uE304"]
        },

        {
            "type": "bitmap",
            "file": "joshmorefoods:cookbook/carrot_pie.png",
            "ascent": 6,
            "height": 42,
            "chars": ["\uE401"]
        },
        {
            "type": "bitmap",
            "file": "joshmorefoods:cookbook/sweet_berry_pie.png",
            "ascent": 6,
            "height": 42,
            "chars": ["\uE402"]
        },
        {
            "type": "bitmap",
            "file": "joshmorefoods:cookbook/apple_pie.png",
            "ascent": 6,
            "height": 42,
            "chars": ["\uE403"]
        },
        {
            "type": "bitmap",
            "file": "joshmorefoods:cookbook/leche_flan.png",
            "ascent": 6,
            "height": 42,
            "chars": ["\uE404"]
        },

        {
            "type": "bitmap",
            "file": "joshmorefoods:cookbook/iron_knife.png",
            "ascent": 6,
            "height": 42,
            "chars": ["\uE504"]
        },

        {
            "type": "bitmap",
            "file": "joshmorefoods:cookbook/rice_bowl.png",
            "ascent": 6,
            "height": 42,
            "chars": ["\uE601"]
        },
        {
            "type": "bitmap",
            "file": "joshmorefoods:cookbook/fish_and_chips.png",
            "ascent": 6,
            "height": 42,
            "chars": ["\uE602"]
        },
        {
            "type": "bitmap",
            "file": "joshmorefoods:cookbook/vegetable_salad.png",
            "ascent": 6,
            "height": 42,
            "chars": ["\uE605"]
        },
        {
            "type": "bitmap",
            "file": "joshmorefoods:cookbook/coleslaw.png",
            "ascent": 6,
            "height": 42,
            "chars": ["\uE603"]
        },
        {
            "type": "bitmap",
            "file": "joshmorefoods:cookbook/potato_salad.png",
            "ascent": 6,
            "height": 42,
            "chars": ["\uE604"]
        },

        {
            "type": "bitmap",
            "file": "joshmorefoods:cookbook/apple_ice_cream.png",
            "ascent": 6,
            "height": 42,
            "chars": ["\uE701"]
        },
        {
            "type": "bitmap",
            "file": "joshmorefoods:cookbook/melon_ice_cream.png",
            "ascent": 6,
            "height": 42,
            "chars": ["\uE702"]
        },
        {
            "type": "bitmap",
            "file": "joshmorefoods:cookbook/chocolate_ice_cream.png",
            "ascent": 6,
            "height": 42,
            "chars": ["\uE703"]
        },
        {
            "type": "bitmap",
            "file": "joshmorefoods:cookbook/pumpkin_ice_cream.png",
            "ascent": 6,
            "height": 42,
            "chars": ["\uE704"]
        },

        {
            "type": "bitmap",
            "file": "joshmorefoods:cookbook/fried_rice.png",
            "ascent": 6,
            "height": 42,
            "chars": ["\uE801"]
        }
    ]
}